{"cameraMode":{"drawMode":0,"name":"Shaded","section":"Shading Mode"},"sceneLighting":true,"audioPlay":false,"sceneViewState":{"showFog":true,"showMaterialUpdate":false,"showSkybox":true,"showFlares":true,"showImageEffects":true,"showParticleSystems":true},"in2DMode":false,"pivot":{"x":3.918980360031128,"y":-6.072082996368408,"z":-3.923300266265869},"rotation":{"x":0.14456325769424439,"y":0.8552693724632263,"z":-0.36090633273124697,"w":0.34258347749710085},"size":26.18643569946289,"orthographic":false}